,contour_right5_y,contour_right5_x,mouth_upper_lip_left_contour3_x,mouth_upper_lip_left_contour3_y,left_eye_upper_left_quarter_y,left_eye_upper_left_quarter_x,contour_right7_y,right_eyebrow_lower_right_quarter_y,left_eye_lower_right_quarter_x,left_eye_lower_right_quarter_y,contour_left8_x,contour_left8_y,right_eyebrow_upper_left_quarter_y,right_eyebrow_upper_left_quarter_x,contour_left6_x,contour_left6_y,mouth_upper_lip_left_contour1_x,mouth_upper_lip_left_contour1_y,contour_right1_y,contour_right1_x,contour_right3_y,contour_right3_x,nose_contour_lower_middle_x,nose_contour_lower_middle_y,left_eye_top_x,left_eye_top_y,mouth_right_corner_y,mouth_right_corner_x,contour_left2_x,contour_left2_y,mouth_lower_lip_left_contour2_y,contour_left4_x,contour_left4_y,right_eye_center_y,right_eye_center_x,contour_right9_y,contour_right9_x,nose_tip_x,right_eyebrow_lower_right_quarter_x,mouth_upper_lip_bottom_y,right_eye_left_corner_x,contour_right7_x,mouth_lower_lip_top_y,mouth_lower_lip_top_x,right_eye_upper_left_quarter_y,right_eye_upper_left_quarter_x,right_eyebrow_lower_middle_y,right_eyebrow_lower_middle_x,mouth_upper_lip_bottom_x,right_eye_lower_right_quarter_x,right_eye_lower_right_quarter_y,left_eyebrow_lower_middle_y,left_eyebrow_lower_middle_x,right_eye_right_corner_x,right_eye_right_corner_y,contour_left1_y,contour_left1_x,left_eyebrow_lower_left_quarter_y,right_eyebrow_upper_right_quarter_y,right_eyebrow_upper_middle_x,right_eyebrow_upper_middle_y,left_eyebrow_upper_middle_x,left_eyebrow_upper_middle_y,contour_left7_y,contour_left7_x,contour_left5_y,contour_left5_x,nose_contour_right1_x,nose_contour_right1_y,right_eye_upper_right_quarter_y,right_eye_upper_right_quarter_x,nose_contour_left1_x,nose_contour_left1_y,right_eye_lower_left_quarter_x,right_eye_lower_left_quarter_y,left_eye_left_corner_x,left_eye_left_corner_y,nose_contour_right3_x,nose_contour_right3_y,nose_contour_left3_x,mouth_lower_lip_left_contour1_y,nose_tip_y,mouth_lower_lip_left_contour1_x,contour_right8_x,contour_right8_y,left_eye_lower_left_quarter_x,left_eye_lower_left_quarter_y,mouth_lower_lip_left_contour3_y,mouth_lower_lip_left_contour3_x,left_eyebrow_upper_right_quarter_y,left_eyebrow_upper_right_quarter_x,nose_contour_left3_y,nose_left_y,nose_left_x,left_eye_right_corner_x,left_eye_right_corner_y,mouth_left_corner_y,mouth_left_corner_x,mouth_lower_lip_left_contour2_x,left_eyebrow_right_corner_x,mouth_upper_lip_top_x,mouth_upper_lip_top_y,left_eyebrow_right_corner_y,contour_left3_x,left_eye_center_y,left_eye_center_x,mouth_upper_lip_right_contour3_x,mouth_upper_lip_right_contour3_y,left_eye_bottom_y,left_eye_bottom_x,right_eyebrow_upper_right_quarter_x,right_eyebrow_right_corner_x,right_eyebrow_right_corner_y,right_eye_pupil_y,right_eye_pupil_x,mouth_upper_lip_right_contour1_x,mouth_upper_lip_right_contour1_y,mouth_lower_lip_right_contour1_y,mouth_lower_lip_right_contour1_x,left_eyebrow_left_corner_x,left_eyebrow_left_corner_y,right_eye_top_x,right_eye_top_y,mouth_lower_lip_bottom_x,mouth_lower_lip_bottom_y,right_eyebrow_left_corner_x,right_eyebrow_left_corner_y,nose_contour_right2_y,nose_contour_right2_x,left_eye_upper_right_quarter_y,left_eye_upper_right_quarter_x,right_eye_left_corner_y,nose_right_y,nose_right_x,mouth_lower_lip_right_contour3_y,mouth_lower_lip_right_contour3_x,left_eyebrow_upper_left_quarter_y,left_eyebrow_lower_right_quarter_x,left_eyebrow_lower_right_quarter_y,contour_right4_x,contour_right4_y,contour_left9_y,contour_left9_x,contour_right6_x,contour_right6_y,mouth_upper_lip_right_contour2_y,mouth_upper_lip_right_contour2_x,contour_right2_x,contour_right2_y,mouth_upper_lip_left_contour2_y,mouth_upper_lip_left_contour2_x,right_eyebrow_lower_left_quarter_x,right_eyebrow_lower_left_quarter_y,nose_contour_left2_x,left_eyebrow_lower_left_quarter_x,contour_left3_y,left_eyebrow_upper_left_quarter_x,contour_chin_x,contour_chin_y,mouth_lower_lip_right_contour2_x,mouth_lower_lip_right_contour2_y,right_eye_bottom_y,right_eye_bottom_x,nose_contour_left2_y,left_eye_pupil_y,left_eye_pupil_x
GyuseungKyeong:1,16.035834000000005,32.62688800000001,12.810888000000006,15.5095,-0.5414999999999992,7.384,21.664834000000003,-2.8448329999999977,10.930000000000007,1.4800000000000004,6.361777000000004,22.243167000000003,-4.793332999999997,27.585333000000006,2.148444000000005,16.1465,14.577111000000002,14.724834000000005,2.1071670000000005,38.636444,9.590834000000005,36.075777,16.572444000000004,11.933499999999999,9.463110999999998,-0.527666,16.037500000000005,23.254000000000005,-0.21066700000000083,3.331500000000002,17.525834,0.2044440000000023,10.024167000000002,1.5656670000000013,28.702222000000006,25.369834,19.966000000000008,17.345332999999997,34.112443999999996,16.126167,24.498222,27.248444000000006,18.329334,15.613776999999999,0.7918340000000015,26.396665999999996,-3.1238329999999976,30.586,16.152,31.120444000000006,2.2903340000000014,-4.2379999999999995,8.817110999999997,32.626222,1.7055000000000007,0.0,0.0,-4.129666,-4.3338329999999985,30.932221999999996,-5.341666,8.941333,-6.119499999999999,19.331,3.7653329999999983,13.242500000000003,0.7066659999999985,21.325333,1.690334,0.7231670000000001,30.821776999999997,16.260000000000005,1.3915000000000006,26.317110999999997,2.378,5.424888000000003,0.1883340000000011,20.133111,11.647834,13.426221999999996,17.332000000000004,9.608999999999998,11.969110999999998,23.591110999999998,23.784334000000005,6.797555000000003,1.018334000000003,19.553167,12.110665999999995,-5.1711659999999995,12.167555000000007,11.328834000000004,9.451000000000004,11.084000000000003,13.122,1.470167,15.213834000000002,9.238222000000007,10.288222000000005,14.455555000000004,16.245999999999995,15.117,-3.132999999999999,-0.14422299999999666,0.5056670000000025,9.158221999999995,19.583111000000002,16.122334,1.5515000000000008,8.931776999999997,34.845111,36.491333,-1.809666,1.5495000000000019,28.393111000000005,17.945110999999997,14.989833999999998,17.74,19.547555000000003,3.2753330000000034,-3.762165999999997,28.752443999999997,0.4980000000000011,15.146,20.465,23.895111,-2.6129999999999995,7.501833999999999,21.93644400000001,0.05316700000000196,11.442443999999995,2.022500000000001,10.392834000000004,23.080666000000008,19.876500000000004,18.433999999999997,-5.702999999999999,11.600000000000009,-3.7118329999999986,34.582443999999995,12.974500000000003,24.835834000000002,9.817110999999997,30.051111000000006,19.085667000000004,15.261500000000002,20.768,37.546666,5.724834000000001,14.774167000000002,11.380443999999997,27.835777000000007,-2.91,12.918887999999995,5.916888,6.798666999999998,5.522888000000002,14.273111,26.035,21.506665999999996,18.300500000000003,2.712500000000002,28.805555,7.215,0.4640000000000022,9.357332999999997
GyuseungKyeong:2,13.741,32.658888999999995,14.642444999999995,14.335500000000003,0.2181670000000011,9.123999999999995,17.762500000000003,-1.5644999999999953,12.571332999999996,1.7403340000000043,8.756,19.701167000000005,-3.0464999999999947,27.578667000000003,3.365110999999999,14.799834000000004,16.74955599999999,13.845167000000004,2.5218340000000055,37.920444999999994,8.186167000000005,35.757332999999996,18.799111000000003,11.572667000000003,11.111999999999995,0.37666700000000475,13.995334,24.66688899999999,0.10222199999999759,3.2616670000000028,14.788834000000001,0.5975559999999973,9.353000000000002,2.021500000000003,28.696222,21.402,21.519111000000002,19.38133299999999,33.250667,15.036834000000006,24.952222,27.228445,15.235667,17.946666999999998,1.465167000000001,26.74222199999999,-1.6310000000000002,30.552,18.212444999999995,30.770221999999997,2.507334,-2.9024999999999963,11.071777999999995,32.297110999999994,1.9816670000000016,0.0,0.0,-2.975332999999999,-2.933166,30.571333000000003,-3.568165999999998,11.245556,-4.525499999999994,17.458667000000005,5.932666999999995,12.072834,1.6335559999999987,22.52733299999999,1.9173340000000039,1.3751670000000047,30.455555999999994,17.779555999999992,1.3611670000000018,26.570445,2.5745000000000005,7.006,0.5658340000000024,22.250888999999994,11.058500000000002,15.430667,14.434834000000002,9.964500000000001,14.115333,24.471111,19.514167,8.671777999999996,1.2860000000000014,16.168667000000006,14.726666999999999,-3.8284999999999982,14.490888999999996,10.921500000000002,9.142167,12.844666999999994,14.814888999999994,1.8938340000000053,13.315667000000005,10.590888999999997,12.526888999999997,17.38133299999999,18.243110999999992,14.113334000000002,-1.9926659999999998,-0.19022200000000566,1.0515000000000043,10.866,21.636000000000003,14.703000000000003,1.8736670000000046,10.866444999999999,33.728221999999995,34.995556,-0.9754999999999967,1.9258340000000018,28.203556,19.902888999999995,13.881834000000005,14.849167000000001,21.634444999999992,4.577555999999994,-2.9718329999999966,28.720888999999993,1.3546670000000063,17.801111,16.939334000000002,24.313556,-1.3894999999999982,7.306167000000002,23.424,0.8143340000000023,12.850888999999995,2.3846670000000003,9.8305,24.718667000000003,16.515167000000005,20.589333000000003,-4.542332999999999,14.113555999999996,-2.299332999999997,34.51022199999999,10.965667000000003,21.950334000000005,11.776666999999996,30.245332999999995,16.030167000000006,14.034500000000001,22.171332999999997,36.520889000000004,5.3891670000000005,13.676500000000004,13.178888999999998,27.885111000000002,-1.2964999999999947,14.873332999999995,7.7342219999999955,6.213000000000001,7.652666999999994,16.885111000000002,22.111000000000004,22.892221999999997,15.250334000000002,2.851667000000006,28.917555999999998,7.130500000000005,0.8375000000000057,10.792666999999994
GyuseungKyeong:3,9.305,19.332665999999996,7.204443999999995,8.062165999999998,-0.3865000000000052,3.8657769999999942,12.676832999999995,-1.7473340000000022,5.942889000000001,0.45683299999999605,5.071776999999997,13.283832999999994,-2.9265000000000043,13.770665999999999,2.359776999999994,9.860999999999997,8.119777,7.731499999999997,0.7144999999999939,21.431999999999995,5.050666,20.883776999999995,9.157776999999996,5.986165999999997,4.927776999999999,-0.4000000000000057,8.4955,13.975999999999999,0.25799999999999557,2.086999999999996,9.807832999999995,0.7793329999999941,6.0685,0.35716599999999943,14.972443999999996,14.973999999999997,12.226665999999994,8.980443999999999,17.384888999999994,8.261832999999996,12.775110999999995,16.570221999999994,10.452332999999996,9.159110999999996,-0.014334000000005176,13.871333,-1.9761670000000038,15.734888999999995,9.201554999999999,16.184222,0.6978329999999957,-2.364834000000002,4.352888999999998,17.084221999999997,0.5321659999999966,0.0,0.0,-2.2195000000000036,-2.5558340000000044,15.669332999999995,-3.0646670000000036,4.321110999999995,-3.3625000000000043,11.616,3.509332999999998,8.181332999999995,1.404443999999998,11.175110999999994,0.3959999999999937,0.04433299999999463,16.050221999999998,8.401999999999994,0.29349999999999454,13.806666,0.6581659999999943,2.8653329999999997,-0.01733400000000529,11.086666000000001,5.662499999999994,7.474443999999998,9.714999999999996,4.611666,6.856665999999997,14.545776999999994,13.948833,3.8428889999999996,0.3018329999999949,11.018332999999998,7.199554999999997,-3.0043340000000036,5.963110999999998,5.607665999999995,4.692999999999998,6.031776999999998,6.902665999999996,0.39799999999999613,8.331499999999998,5.637554999999999,6.112665999999997,7.368221999999996,9.190666,7.976832999999999,-2.0028340000000036,0.3802219999999963,0.0453329999999994,4.898221999999997,11.584888999999997,8.1875,0.5024999999999977,4.891999999999996,17.727776999999996,18.692665999999996,-1.1941670000000038,0.26583300000000065,14.922221999999998,10.221999999999994,7.780332999999999,9.916165999999997,12.070443999999995,1.447776999999995,-1.9121670000000037,14.921110999999996,-0.09433400000000347,9.038221999999998,11.502165999999995,12.172888999999998,-1.873000000000001,3.227832999999997,11.774888999999995,-0.20216700000000287,5.917555,0.4884999999999948,4.957499999999996,12.671332999999997,11.212332999999994,11.174889,-3.1103340000000017,5.730221999999998,-2.1523340000000033,20.390888999999994,7.133832999999996,14.593999999999994,6.969110999999998,18.037554999999998,11.099499999999999,7.814166,12.276221999999997,21.132444,2.9384999999999977,7.727499999999999,6.530221999999995,14.061777,-1.9816670000000016,7.222665999999997,2.8151109999999946,3.9194999999999993,2.4897769999999966,9.320221999999994,15.183332999999998,13.055776999999999,10.036332999999999,0.8509999999999991,15.001110999999995,3.139499999999998,0.004165999999997894,5.183776999999999
daesung:1,17.519667,40.16283299999999,16.832666,18.843999999999994,-1.8885000000000005,8.313332999999997,25.733334,-7.955000000000005,12.442333000000001,-0.07433300000000287,12.074166000000002,28.350667,-9.783000000000005,26.931,5.804666000000001,21.622,18.903833000000002,17.284333999999994,-2.795500000000004,42.33016599999999,7.722833999999999,41.52583299999999,19.732666,13.776499999999999,10.432165999999999,-2.0956660000000014,17.763999999999996,28.874166,1.220832999999999,4.870666999999997,20.086667,2.683166,13.667834,-2.2128330000000034,29.096,30.83366699999999,26.87,19.459332999999997,33.872833,19.262666999999993,24.782833,34.765165999999994,19.394166999999996,19.99,-2.768166000000001,26.838666,-7.786333000000006,30.4725,20.346833,31.458499999999997,-1.6710000000000065,-5.734500000000004,9.047,33.187833,-2.470833000000006,0.0,0.0,-5.4133330000000015,-10.249000000000002,30.368833,-10.628166000000004,8.653000000000002,-8.451166,25.320334000000003,8.503333000000001,17.8645,3.7119999999999997,21.688166,-1.2190000000000012,-3.3988330000000033,31.139666000000002,17.422166,-1.0168330000000054,26.909333,-0.9548330000000007,6.254833000000001,-0.7408330000000021,23.009333,13.019333999999994,17.214499999999997,19.043499999999995,10.903833999999996,16.678833,31.121999999999996,28.474999999999994,8.093666000000002,-0.08566600000000335,21.604166999999997,17.004333,-7.982500000000002,12.563332999999997,13.108833999999995,11.626666999999998,14.766833000000002,14.509832999999997,-0.1458330000000032,18.342667,12.830000000000002,14.768165999999997,15.5215,20.251833,17.644,-5.490333000000007,1.7079999999999984,-0.9333330000000046,10.355999999999998,24.868999999999996,18.578833999999993,0.24783399999999745,10.280832999999998,34.111000000000004,36.48433299999999,-6.7258330000000015,-2.5135000000000005,29.077833000000002,21.717000000000002,17.077833999999996,18.856333999999997,24.567165999999997,2.5380000000000003,-4.516333000000003,28.891166000000002,-3.551000000000002,19.765165999999997,22.020666999999996,23.380666,-6.657333000000001,7.449499999999993,24.0555,-1.7033330000000007,12.573333000000002,-0.8985000000000056,11.101499999999994,25.595000000000002,21.263333999999993,23.421832999999996,-7.861666000000007,12.532833,-5.891500000000001,41.06699999999999,12.575499999999998,30.632834000000003,16.149666,37.997833,22.257166999999995,17.345833999999996,25.375333,42.080833,2.1905,17.800666999999997,15.709833,27.294332999999998,-7.329333000000005,15.471166,5.2805,9.336499999999994,5.087833,20.521666,31.747500000000002,26.5515,19.766499999999994,-0.9329999999999998,29.338165999999998,8.281166999999996,-1.2453330000000022,10.833000000000002
daesung:2,15.573665999999996,40.356111,19.914778,16.001165999999998,-0.9095000000000013,10.163221999999998,21.3035,-3.494167000000001,14.991444999999999,0.9234999999999971,13.182777999999999,24.517832999999996,-5.765167000000002,30.885889,5.507266999999999,18.6845,22.307221999999996,14.743665999999997,1.1179999999999986,42.803222,8.436166,42.197445,24.023666999999996,11.925666,12.704777999999997,-1.1198340000000009,15.434832999999998,31.768555999999997,0.1877999999999993,4.116999999999997,17.516999999999996,1.7286889999999993,11.866332999999997,0.6021660000000004,33.315445,25.5715,30.551000000000002,24.138999999999996,36.920111,16.208666,28.776333,36.889445,16.911833,23.727888999999998,-0.17050000000000054,31.114556,-3.4795000000000016,33.785444999999996,23.981221999999995,35.613445,1.2476659999999988,-4.739167000000002,12.044556,37.525,0.8699999999999974,0.0,0.0,-4.574167000000003,-5.259500000000003,33.748556,-5.9435,12.005889,-6.925834000000002,21.903666,8.716777999999998,15.540500000000002,2.9790889999999983,25.764333,0.7129999999999974,-0.11216699999999946,35.517222,21.257222,0.46833299999999767,30.873889,1.3576659999999983,7.5169999999999995,0.014333000000000595,27.295888999999995,11.317833,20.298778,16.567999999999998,9.504165999999998,19.991445,33.984778,23.629165999999998,10.152332999999999,0.6601660000000003,18.514165999999996,20.715666999999996,-6.5425,15.904333000000001,11.357833,9.719833000000001,16.961667,17.394110999999995,0.847332999999999,15.844332999999999,14.910556,17.967444999999998,18.644999999999996,23.998999999999995,15.1235,-4.501834000000002,0.5301559999999981,-0.02266700000000199,12.635888999999999,27.772110999999995,16.053832999999997,0.9886659999999985,12.735667,37.327445,39.265667,-2.9130000000000003,0.4841659999999983,32.853,25.587666999999996,14.780665999999997,16.357999999999997,27.777,4.719044999999998,-4.114167000000002,33.257,-0.25900000000000034,23.917667,18.805,27.927445,-3.941834,6.976666000000002,27.994555999999996,-0.6791669999999996,15.068332999999999,1.0899999999999999,9.8885,29.830556,18.365499999999997,26.654333,-6.4879999999999995,15.698332999999998,-4.672000000000001,41.531445,12.069333,26.197165999999996,18.490778,39.225889,18.541832999999997,15.151333000000001,28.399445,42.279222,4.7455,15.145832999999996,18.760111000000002,31.232332999999997,-3.453667000000003,18.760778000000002,8.184777999999998,8.043500000000002,7.934777999999998,24.487667000000002,26.539833,29.522110999999995,17.111666,1.5495000000000019,33.516332999999996,7.0,-0.015499999999999403,12.881888999999997
daesung:3,7.167666999999998,39.512593,14.901629999999997,8.715667,-0.9875000000000007,5.558815000000003,10.782166999999998,-4.621500000000001,9.548741,-0.2746670000000009,11.975999999999999,12.084999999999997,-5.247333000000001,22.240889000000003,5.852741000000002,9.413166999999998,15.749037000000001,7.593833,-2.886833000000003,40.647704,2.317499999999999,40.505778,16.548741,6.075999999999997,7.378371000000001,-1.2921670000000027,8.154667,26.520889000000004,1.0397040000000004,2.3009999999999984,9.229666999999996,1.6894819999999982,6.092167,-2.0841670000000008,25.873482000000003,12.783332999999995,25.098667,15.295704,29.059852,8.776833,21.301334000000004,34.498371,8.7225,18.072593000000005,-2.339500000000001,23.610074000000004,-4.557333,25.660740999999994,17.929482,28.567704,-1.835833000000001,-3.341000000000001,5.984889000000003,30.468741,-2.022833000000002,0.0,0.0,-3.0764999999999993,-5.521333000000002,25.501037000000004,-5.932833000000002,5.994667,-4.451167000000002,11.112666999999998,8.581037000000002,7.764500000000002,3.348741000000004,18.531556000000002,-1.1080000000000005,-2.6361670000000004,28.391703999999997,13.505186000000002,-0.7870000000000026,23.331556,-1.4313330000000022,3.8468149999999994,-0.2046670000000006,20.147852000000007,5.451333000000002,13.228147999999997,8.628832999999997,4.43,15.023111,29.714963000000004,12.009333000000002,5.699556000000001,-0.015167000000001707,9.952333,15.275260000000003,-4.178000000000001,8.054814999999998,6.115166999999996,5.189499999999999,10.782815,11.360297000000003,-0.4478330000000028,8.331166999999997,11.439703999999999,12.820148000000003,10.516148000000001,17.721778,7.798666999999998,-3.432333,1.2948149999999998,-0.6443329999999996,7.531852000000001,22.333036999999997,8.679666999999998,-0.03200000000000003,7.518222999999999,29.767407999999996,31.821334,-4.111333000000002,-2.2701670000000007,26.567408000000007,19.725630000000002,7.515666999999997,8.427333,22.645334,1.4545189999999977,-2.279,25.619555999999996,-2.773333000000001,17.887999999999998,10.102,18.96,-4.198,2.6871669999999988,20.389925999999996,-1.2648329999999994,9.486815,-1.2931670000000004,4.43,22.787851999999994,9.889999999999997,21.058667000000007,-3.932000000000002,8.292445,-3.410667,40.282371000000005,4.861833000000001,12.868666999999999,15.810963000000001,38.129186,9.379833000000001,7.650667000000002,22.699260000000002,40.682962999999994,0.09049999999999869,8.052832999999996,13.314962999999999,22.581926000000003,-4.247500000000002,12.063111,3.1439999999999984,3.8906670000000005,2.750519000000004,20.176296999999998,13.336667000000002,24.379852000000007,9.184667000000001,-1.488500000000002,25.719704,3.350166999999999,-0.9226670000000006,8.830815000000001
eunjeeshin:1,14.721833,36.788167,16.760333999999997,15.805665999999999,-2.190999999999999,8.928667,20.729000000000003,-8.126833999999999,13.062499999999996,-0.39183399999999935,12.769000000000002,25.991333,-9.726634,25.911834000000002,6.674667000000003,19.972333000000003,19.039167000000003,14.519665999999997,-2.9253339999999994,38.194834,6.093499999999999,38.3655,21.1775,12.564833000000004,11.084,-2.786999999999999,14.721332999999998,28.075,0.660499999999999,4.439499999999999,19.162833000000003,2.695499999999999,12.664165999999998,-2.567499999999999,28.620167,26.390832999999997,25.895,20.968500000000002,32.3695,16.226833000000003,24.901500000000002,32.123000000000005,18.944332999999997,20.715500000000002,-3.1188339999999997,26.698334,-8.001833999999999,29.257,21.074333999999997,30.664666999999998,-1.9884999999999984,-6.647334000000001,9.586499999999997,32.408666999999994,-2.340167000000001,0.0,0.0,-5.8956669999999995,-9.972249999999999,29.073834,-10.415134,9.263167,-8.615666999999998,22.992500000000003,9.454666999999997,16.682166,4.051334000000001,22.209833999999997,-0.9770000000000003,-3.660667,30.509167,17.703500000000002,-0.7786669999999987,26.570834,-1.3299999999999983,6.836167,-0.7433340000000008,23.892999999999997,11.349,17.574499999999997,18.482166000000003,10.499832999999999,16.188334,28.618667,23.6065,8.842834,-0.5583339999999986,21.2585,17.150667000000002,-8.663167000000001,12.927333999999998,12.180000000000003,10.223665999999998,14.604000000000003,14.867499999999996,-0.558167000000001,16.571166,12.403834,14.322334000000001,15.415667000000003,20.9995,14.550833,-6.551334000000001,1.7871670000000002,-1.4081669999999988,11.019000000000002,24.343,15.058499999999999,-0.2988339999999994,11.126000000000001,32.757166999999995,34.816834,-7.125834000000001,-2.6144999999999996,28.230833999999998,22.176999999999996,14.070666,17.547166,25.152167000000002,3.708500000000001,-4.853833999999999,28.427167,-3.762833999999998,20.397667000000002,21.548,23.446667,-7.080666999999998,6.0681660000000015,24.323666999999997,-2.221834000000001,13.069999999999997,-1.0288339999999998,9.305665999999999,26.313,19.880166,23.805167,-7.785834000000001,12.815833999999999,-6.467666999999999,38.021167000000005,10.501332999999999,28.383833,16.547166999999998,34.43816699999999,18.154999999999998,13.891665999999997,25.282,38.406834,1.505832999999999,15.309000000000001,15.5185,26.288166999999998,-7.488834000000001,16.121667,6.420334,8.303332999999999,5.883834,20.836167,28.595333,26.370834,17.508,-1.5446670000000005,28.851167,7.032999999999998,-1.6078340000000004,11.361
eunjeeshin:2,15.364231,30.415167000000004,14.764334000000005,16.183412999999998,-1.4929759999999987,7.325667000000003,21.036220000000004,-4.575741000000001,11.017334000000005,1.1964450000000006,10.802334000000002,23.048123999999998,-6.597799999999999,24.237167000000007,5.486667000000004,17.577715,15.884,15.237798999999999,0.05077500000000157,33.752834,8.154245,32.446667,17.395334000000005,13.332355000000003,9.327334,-1.8099859999999985,16.056642999999998,24.2235,0.07216700000000031,4.066289999999999,18.420423000000003,1.828667000000003,11.436389000000002,-0.2873909999999995,25.470834000000004,25.521071000000003,21.039667,17.646167000000005,29.197834000000007,16.577094,21.811667000000007,26.148834,18.901946,17.224334000000006,-1.1075890000000008,23.221334000000006,-4.9389569999999985,26.742000000000004,17.774,27.6965,0.5673339999999989,-5.505783000000001,7.907334000000006,28.720000000000006,-0.04857600000000062,0.0,0.0,-5.288125000000001,-6.232552999999999,26.724500000000006,-6.985558000000001,7.9963340000000045,-7.293596999999998,20.341269,7.930167000000004,14.714301000000003,3.2726670000000055,19.448334000000003,0.4449639999999988,-1.5527230000000003,27.282667000000004,15.002334000000005,0.46053600000000117,23.547667000000004,1.0791530000000016,5.621500000000005,-0.22256699999999796,20.164167000000006,12.541100000000004,14.813500000000005,17.911481,11.136472999999999,14.229167000000004,23.601167000000004,23.33196,6.937334000000007,0.6600840000000012,20.458392,14.600667000000001,-6.778054000000001,10.756834000000005,12.724062,11.083496999999998,12.398334000000006,12.654500000000006,1.3286310000000014,16.227248999999997,10.833167000000003,12.547667000000004,13.414667000000001,17.690667000000005,15.623526000000002,-4.982793000000001,1.0173340000000053,-0.20225699999999946,9.161500000000004,20.811000000000007,16.430352000000003,1.191706,9.018834000000005,29.7245,31.082,-3.7892249999999983,-0.486263000000001,24.891667000000005,18.739334000000007,15.299746000000003,17.990351999999998,21.082334000000003,2.9671670000000034,-4.279211,25.324167000000003,-2.0100429999999996,17.391834000000003,21.337658,21.595167000000004,-4.826741999999999,8.314189000000002,20.487834000000007,-0.9589849999999984,11.342167000000003,1.0458110000000005,10.971283000000003,22.433667000000007,20.620366,20.216667,-6.857095000000001,10.666334000000006,-5.245134,31.711834000000003,11.693482999999997,25.670691,13.704334000000003,28.553834000000002,18.507757,15.57055,21.617334000000007,33.065334,4.399379,15.547531000000003,13.157167000000001,24.432834000000007,-4.704542,13.615167000000007,5.527334000000003,7.846205000000001,4.768667000000001,17.057834000000007,26.573314,22.636500000000005,18.498279,1.2998580000000004,25.752334000000005,8.716840000000001,-0.379802999999999,9.685334000000005
eunjeeshin:3,31.878235000000004,43.446667000000005,13.058667,24.295714000000004,-0.23213400000000028,9.863333999999998,39.180420000000005,3.1949750000000012,14.930666999999996,3.2938990000000015,6.612666999999998,35.912689,-0.26152899999999946,34.834334,1.7511669999999988,25.728488,16.705167,22.746303000000005,11.384958,50.0865,23.018403,48.361166999999995,20.715999999999998,17.856555,12.686667,-0.03895799999999916,28.259748000000002,30.941166999999997,-0.5046660000000003,4.259411999999999,26.391681,-1.5361000000000011,13.771009000000001,8.053361,36.595833999999996,42.713361,22.947667,21.044333999999996,43.35549999999999,26.068992,29.681167,33.271333999999996,27.764454,18.290666999999996,6.010503999999999,33.498000000000005,2.3706890000000005,39.201167,18.919,39.896,9.658235,-3.060975000000001,10.363667,42.876166999999995,9.424117999999998,0.0,0.0,-4.156891,1.191395,39.464167,-0.5833279999999998,10.525499999999997,-4.805192999999999,31.321597000000004,3.6054999999999993,19.565798,0.14000000000000057,27.661334,5.833025000000001,7.201765,40.033834,20.968334000000002,4.104958000000002,32.753167000000005,8.713866000000001,6.2713339999999995,0.3274460000000001,23.640834,19.158235000000005,17.104499999999998,25.48916,14.232857000000001,13.109334,28.443499999999997,40.957899000000005,8.911666999999998,1.6922859999999993,29.565126,12.716999999999999,-2.6313440000000003,14.625166999999998,16.920588000000002,13.987143000000001,14.130666999999999,17.857834,4.376723,23.116051,6.872333999999999,8.402833999999999,18.792334,19.161833999999995,23.857059,-1.1516470000000005,-1.0954329999999999,1.455698,12.260167,25.410333999999995,27.381093,3.1740000000000013,11.510334,44.10849999999999,46.270667,4.6600839999999994,8.069496,37.088834000000006,21.318,24.222269000000004,28.84395,25.495667,2.973666999999999,-3.8833439999999992,37.015333999999996,6.5824370000000005,17.189167,31.851681,30.132834,1.9576639999999994,14.621429000000001,27.398334000000002,0.8450930000000003,15.658334,8.011345,19.111513000000002,27.921666999999996,31.963109000000003,22.041667,-5.238991,14.562833999999999,-2.1433110000000006,46.420834,27.363109,39.853698,10.524334,38.528000000000006,36.23437,26.146471,26.753834,49.8805,17.654874,22.398235,11.4515,34.85383399999999,2.125731,16.592000000000002,6.511167,7.741093000000001,6.080833999999999,16.907667,43.22916,26.842834,30.639412,10.152857,36.378834,12.289328,1.0534960000000009,12.607333999999998
gayeong:1,14.268499999999996,39.72022199999999,12.457333000000002,16.304167,-1.5473330000000018,3.740000000000002,20.666333,-6.180833,8.209999999999997,0.8179999999999978,10.382222000000002,22.426000000000002,-7.5245,21.355556000000004,5.620445,16.052,12.084,14.977167000000001,-2.558333000000001,42.169111,6.402166999999999,42.30199999999999,13.279999999999998,11.270666999999996,5.815999999999999,-1.7550000000000026,15.649833000000001,23.082667000000004,0.3817780000000006,3.711166999999996,17.561332999999998,1.8979999999999997,10.066666999999995,-1.4325000000000045,24.669999999999998,25.273666999999996,23.110889000000004,10.959332999999997,28.744000000000003,16.702332999999996,20.300222,32.553111,17.0865,14.689778,-2.246333,22.140888999999998,-5.926333,24.874889,14.248000000000001,27.644000000000002,-0.790333000000004,-4.508333,5.3335560000000015,29.44,-1.6038330000000016,0.0,0.0,-4.604667000000003,-7.626000000000001,24.529111000000004,-8.112167000000003,4.980222000000001,-6.157167000000001,19.448332999999998,8.103778000000002,12.933,3.524445,16.586445,-0.6268329999999978,-2.465667,26.965556000000003,11.407556000000003,-0.3991669999999985,22.137556,-0.19500000000000028,2.426445000000001,0.0009999999999976694,16.669332999999998,11.0475,10.475778000000002,16.630333,8.659500000000001,12.116222000000004,27.882,23.394166999999996,4.043111,0.670499999999997,18.963833,12.668889000000004,-5.875333000000001,7.207111000000001,11.354500000000002,9.866332999999997,8.325778000000003,9.899556,0.402667000000001,16.135832999999998,9.823333000000002,10.780221999999998,8.920888999999999,14.055556,15.300832999999997,-4.865167,0.8855560000000011,-0.34850000000000136,5.979111,18.015778,16.131166999999998,0.966667000000001,5.988889000000004,28.595111,31.662000000000003,-5.911000000000001,-1.5536670000000044,25.029111000000004,15.523778000000004,14.797666999999997,16.645333,18.594222,1.072889,-4.624833000000002,24.262221999999998,-2.779833,14.501777999999998,19.264167,18.165111,-5.9566669999999995,6.644832999999998,17.242,-1.243667000000002,8.076445000000003,-0.4905000000000044,9.540166999999997,19.763778,18.859167,17.156667000000002,-5.807667000000002,7.2637779999999985,-4.492167000000002,41.714889,10.469667000000001,24.9555,13.145111000000004,36.44111100000001,17.897999999999996,15.155833000000001,18.956667,42.581778,1.857332999999997,15.499333,10.404667,21.639111000000003,-6.131,9.036221999999999,3.3266670000000005,6.873999999999995,2.8677780000000013,17.091778,25.951667,20.836000000000002,17.499167,-0.1183329999999998,24.869333,7.063499999999998,-0.5813330000000008,6.829778000000001
jppark:2,10.993499999999997,39.327465999999994,22.512,12.484333999999997,-0.3583330000000018,13.127200000000002,15.593666999999996,-3.6336660000000016,17.028799999999997,0.5075000000000003,15.201332999999998,18.751666999999998,-4.7230000000000025,32.662933,8.038400000000003,14.762333999999996,23.498133000000003,11.479833999999997,-0.038666000000006306,42.117866,5.715666999999996,41.072266000000006,25.566399999999994,8.950333999999998,15.455199999999998,-0.5645000000000024,12.497833999999997,30.496000000000002,0.5016000000000034,3.5371669999999966,13.958666999999998,2.642400000000002,9.794833999999994,-0.11000000000000654,33.5872,19.277499999999996,29.346133000000002,26.106665999999997,37.78506599999999,12.690833999999995,29.689066000000004,35.321333,13.070333999999995,24.922132999999995,-0.6361660000000029,31.912,-3.5038330000000038,35.102399999999996,25.282400000000003,35.681599999999996,0.23666699999999707,-3.9126660000000015,13.662132999999997,37.396800000000006,-0.3515000000000015,0.0,0.0,-4.141500000000004,-4.575000000000003,35.280533,-4.997000000000003,13.942933000000004,-5.224666000000003,16.941499999999998,11.526933,12.684999999999995,4.809600000000003,27.616800000000005,-0.03883300000000389,-0.5583330000000046,35.579466000000004,22.2584,-0.03716600000000625,31.4664,0.34883399999999654,10.543199999999999,-0.16616600000000403,27.847199999999994,8.516999999999996,22.486666,12.993499999999997,6.814,21.738666000000002,32.3696,17.561499999999995,12.911999999999999,0.3854999999999933,14.804834,22.277065999999998,-4.901000000000003,17.415466000000002,8.631833999999998,7.9169999999999945,19.072000000000003,18.886933,0.17449999999999477,13.019333999999994,18.023466,20.081066,20.459733,25.367732999999994,11.504666999999998,-3.767666000000002,1.2618659999999977,-0.0025000000000048317,15.149866000000003,28.114133000000002,12.358334,0.607999999999997,15.328800000000001,38.012533,39.678132999999995,-3.3395000000000046,-0.15516600000000125,33.6856,26.659200000000006,11.304834,12.865333999999997,28.066133,5.988799999999998,-4.090666000000002,33.363465999999995,-0.5578330000000022,24.800266,14.929666999999995,29.707199999999993,-3.828000000000003,5.303833999999995,29.092800000000004,-0.593666000000006,17.047466,0.2186669999999964,7.917833999999999,30.273866000000005,14.525666999999999,27.085600000000007,-5.465666000000002,17.245066,-3.784666000000005,40.385332999999996,8.237666999999995,20.137833999999998,19.724800000000002,37.502666,13.503999999999998,11.711166999999996,28.781600000000005,41.732800000000005,2.6476669999999984,12.188499999999998,20.492800000000003,32.596533,-3.5531660000000045,20.785066,9.932000000000002,6.796499999999995,9.985866000000001,24.32,20.421,29.446666,13.527833999999999,0.5064999999999955,33.52053299999999,5.461166999999996,-0.07800000000000296,15.597332999999999
jppark:3,4.399833000000001,11.200000000000003,4.956667000000003,5.020833000000003,0.13066600000000506,2.740889000000003,6.020833000000003,-0.4166669999999968,3.9855560000000025,0.5564999999999998,3.3544449999999983,6.452666000000001,-0.610833999999997,8.953555999999999,1.676445000000001,4.862333,5.4115560000000045,4.6611660000000015,0.49833300000000236,12.861556,2.5771659999999983,12.117556,6.172222000000005,3.807333,3.3871110000000044,0.14083300000000065,5.107333000000004,8.048889000000003,0.094889000000002,1.081000000000003,5.385832999999998,0.7464450000000014,3.0601660000000024,0.6245000000000047,9.683334000000002,7.192333000000005,7.460667000000001,6.272666999999998,11.262222000000001,5.1966660000000005,8.334889000000004,9.461556000000002,5.330333000000003,5.8091110000000015,0.4111660000000015,9.042445,-0.24483399999999733,10.076,5.855111000000001,10.463999999999999,0.7341660000000019,-0.7228339999999989,3.1686669999999992,11.021334000000003,0.45383300000000304,0.0,0.0,-1.0851669999999984,-0.9008339999999961,9.903556000000002,-0.8013339999999971,3.3275560000000013,-1.2176669999999987,5.691500000000005,2.409778000000003,4.060666000000005,0.990000000000002,7.366,0.4073330000000013,0.4755000000000038,10.327111000000002,5.667777999999998,0.289666000000004,8.930889,0.7815000000000012,2.0519999999999996,0.04133300000000162,7.150445000000005,3.7388329999999996,5.249555999999998,5.112500000000004,3.2961659999999995,4.829334000000003,8.471556,6.671333000000004,2.595556000000002,0.399166000000001,5.801000000000002,4.972222000000002,-0.8413339999999963,4.236889000000005,3.7236660000000015,3.3625000000000043,4.573778000000004,4.684221999999998,0.4160000000000039,4.860666000000002,3.5691109999999995,4.325778,5.202888999999999,5.930667,4.7535000000000025,-0.37216699999999747,0.4802220000000048,0.3340000000000032,3.3262220000000013,6.993555999999998,5.139000000000003,0.6189999999999998,3.242888999999998,11.244,12.063111,-0.5685000000000002,0.652000000000001,9.650889,6.588000000000001,4.699165999999998,5.241666000000002,6.887111000000004,1.1375560000000036,-1.3243339999999968,9.646667,0.4421660000000003,5.753334000000002,5.973832999999999,7.883334000000005,-0.26849999999999596,2.5620000000000047,7.479556000000002,0.15816600000000136,4.006,0.6200000000000045,3.4918329999999997,7.811334000000002,5.9310000000000045,6.742000000000004,-1.5679999999999978,4.194000000000003,-0.4918339999999972,11.762,3.4903329999999997,7.173500000000004,4.234889000000003,10.352222000000005,5.292000000000002,4.866833,7.366667,12.512889000000001,1.4676660000000012,4.776333000000001,4.575111,8.983556,-0.17733400000000188,4.954667000000001,2.037111000000003,2.0926660000000012,2.0631109999999993,5.931111000000001,7.410333000000001,7.5364450000000005,5.582666000000003,0.9028330000000011,9.688222000000003,2.5560000000000045,0.36700000000000443,3.544000000000004
kimsoohyun:1,19.709250000000004,15.855666,7.866500000000002,16.53425,0.989250000000002,5.052,24.88675,2.594000000000001,6.882165999999998,3.325499999999998,3.2643330000000006,23.635000000000005,-0.8074999999999974,15.129832999999998,0.5784999999999982,17.543,8.615333,14.698999999999998,6.801749999999998,18.246000000000002,13.4865,17.2935,9.818165999999998,12.298250000000003,6.164166000000002,1.1730000000000018,18.891750000000002,11.929000000000002,-0.36299999999999955,3.737250000000003,17.9105,-0.4341670000000022,10.849499999999999,5.327750000000002,14.632832999999998,27.293,10.115166000000002,10.344166000000001,17.622999999999998,17.01475,12.746000000000002,13.482500000000002,17.245000000000005,9.270665999999999,4.33625,13.760333000000003,1.7914999999999992,16.183833,9.300165999999997,15.541832999999997,6.230000000000004,-1.9242499999999971,5.921332999999997,16.346333,6.010750000000002,0.0,0.0,-2.186,1.2660000000000018,16.6455,-0.33699999999999974,6.012500000000003,-3.788999999999998,20.659750000000003,1.6386660000000006,14.301000000000002,-0.2150000000000034,11.661833000000001,4.612000000000002,4.896000000000001,15.6175,9.447833000000003,3.639499999999998,13.592500000000001,5.828749999999999,4.028832999999999,1.457250000000002,11.062666,12.85125,8.302332999999997,16.784,9.354750000000003,7.624665999999998,12.052332999999997,26.462000000000003,4.761833000000003,2.2807500000000047,18.898000000000003,7.799666000000002,-3.2582499999999968,7.971665999999999,11.956499999999998,10.434000000000005,7.063333,7.900999999999996,3.4170000000000016,16.509,5.773333000000001,6.728166000000002,9.417665999999997,9.487333,15.273250000000004,-1.106499999999997,-0.5131670000000028,2.156500000000001,5.965165999999996,10.592666000000001,17.902250000000002,3.1529999999999987,5.785832999999997,17.843666,18.241999999999997,3.8627499999999984,5.032000000000004,14.207833,10.334165999999996,15.269750000000002,18.088250000000002,10.713999999999999,2.525666000000001,-1.9974999999999987,14.762166,4.418500000000002,8.941665999999998,19.44975,13.291333000000002,0.27300000000000324,8.998750000000001,11.831665999999998,2.0177499999999995,7.144666000000001,5.292250000000003,12.444250000000004,12.244,19.7965,10.049,-3.715,7.721832999999997,-1.6074999999999982,16.5965,16.50625,25.645000000000003,5.447833000000003,14.939500000000002,22.556000000000004,16.902,11.341665999999996,17.676499999999997,10.221499999999999,15.300000000000004,6.961332999999996,14.968832999999997,1.082250000000002,8.161665999999997,3.993333,7.185000000000002,4.088166000000001,7.794665999999999,26.835,11.296,19.538000000000004,6.257249999999999,14.5225,7.902750000000005,1.923250000000003,5.924500000000002
kimsoohyun:2,18.993111999999996,28.997709,15.33625,23.779407999999997,-3.1682960000000016,7.069792,29.869777999999997,-10.707074000000002,10.614375000000003,-0.29522200000000254,11.532499999999999,37.471259999999994,-10.929370000000002,21.292500000000004,5.647708999999999,29.741259999999997,16.388959,20.243482,-5.547407,28.976042,7.387926,29.383125,17.653125000000003,15.075704000000002,8.753542000000003,-3.878592000000001,22.597926,22.822500000000005,0.3068750000000051,6.606445000000001,26.222741,1.9966670000000022,18.759777999999997,-4.095703,22.682709000000003,37.893111999999995,22.670834,17.32125,25.301459,23.359037,19.713125000000005,26.993125,23.833481999999997,18.0075,-4.995296,21.033542000000004,-9.469740000000002,23.326042,18.032291999999998,24.325000000000003,-3.6617770000000007,-7.124185000000001,8.767709000000004,24.996250000000003,-4.842481000000003,0.0,0.0,-6.596888,-12.642814000000001,22.932709000000003,-12.806444000000003,8.495000000000005,-9.511666000000002,34.113112,8.151875000000004,24.459037000000002,3.141041999999999,17.80375,-2.715963000000002,-5.994814000000002,24.06875,14.380625000000002,-1.9807400000000008,21.093542,-2.0792220000000015,5.703959000000005,-1.194777000000002,19.444792,14.184593,15.103959000000003,24.124963,10.333852,15.325417000000002,24.867292,34.487556000000005,7.092708999999999,-0.2564440000000019,27.536445,16.124792,-9.477,10.850625,14.942371000000001,13.660148999999997,12.798542000000005,12.386875000000003,-0.9838140000000024,24.249407999999995,12.587917000000004,14.053125000000001,12.969166999999999,18.008125,20.471629999999998,-7.392148000000002,0.7239590000000007,-1.8045180000000016,8.843125,20.445417,23.176445,0.153851999999997,8.96875,25.263334,26.412917,-10.626555,-4.277370000000001,22.167917000000003,18.778542,19.664963,23.070889,20.582709,3.6808340000000044,-5.892185000000001,22.574167000000003,-5.701814000000002,18.146250000000002,27.639778,19.260000000000005,-9.163851000000001,7.208852,19.857709,-3.382296,10.559584000000001,-2.5871850000000016,12.171999999999997,21.322917000000004,26.445704,20.008542,-8.581148000000002,10.939792000000004,-6.919963000000003,29.553542,13.403481999999997,40.172371000000005,15.119375000000005,28.337917000000004,25.056815,21.107555999999995,21.242292,29.330625000000005,0.6555559999999971,22.135703999999997,14.241042,21.661667,-8.804222000000003,13.760417000000004,6.194375000000001,12.543481999999997,5.828333999999998,19.230000000000004,40.063852000000004,21.753125000000004,24.684593,-2.141333000000003,23.000625,8.547556,-2.184629000000001,9.041875000000005
kimsoohyun:3,32.411408,52.40588000000001,26.16868,32.796971000000006,1.813873000000001,18.03388,41.950492000000004,2.342745999999998,23.68628,6.258591000000003,13.168879999999998,45.726197000000006,-2.485492999999998,49.41268000000001,3.509080000000001,33.802957,29.77428,30.227252999999997,9.706831000000001,60.542280000000005,22.283591,56.99148000000001,34.17188,25.632887000000004,21.453080000000003,2.2603520000000046,34.116338000000006,42.219480000000004,-1.1449599999999975,6.884999999999998,34.741338000000006,0.004440000000002442,21.055774,7.987112000000003,48.95508000000001,49.81140800000001,36.20908,35.905879999999996,57.52868000000001,33.970915,42.77228000000001,44.77908000000001,34.882887000000004,31.382680000000004,6.426901000000001,45.88228000000001,1.331831000000001,53.298680000000004,32.11628,51.841480000000004,9.487464000000003,-3.1050359999999984,21.79548,54.05788000000001,8.652253000000002,0.0,0.0,-3.2221480000000007,-0.7110219999999998,54.25388000000001,-2.2770779999999995,22.03108,-6.168979,39.952957000000005,7.847000000000001,27.59169,0.7520000000000024,39.10068,7.257887000000004,6.694859000000001,51.93588000000001,31.827479999999998,6.217393999999999,45.804280000000006,9.261408000000003,14.554680000000001,2.923732000000001,38.615480000000005,25.389225000000003,29.28988,33.20788700000001,21.339577,25.22028,41.03708,46.184295,16.88988,4.422676000000003,37.161408,25.696680000000004,-5.177571,27.59228,24.324084,21.576197,24.28748,26.84548,6.724788000000004,31.765280999999995,19.386680000000002,22.20468,32.058679999999995,32.80348000000001,31.076197,-1.5679579999999973,-0.9614799999999981,4.071618999999998,20.78988,37.524680000000004,34.20401400000001,6.002253000000003,20.22348,58.78868,59.79988,3.7490840000000034,7.759999999999998,47.32468,35.669880000000006,30.646267,35.365632999999995,37.18348,10.032320000000002,-3.736478999999999,49.20388,6.078661000000004,30.44188,39.166338,43.82668000000001,0.1865489999999994,18.450845,41.07348,3.6723229999999987,24.45148,8.741689999999998,23.886408000000003,42.639880000000005,38.807887,35.51468,-6.354049999999997,27.272679999999998,-2.218239999999998,54.77148000000001,27.617746000000004,49.74169,20.163880000000002,48.73028000000001,37.796619,32.505773999999995,39.34308,58.47828,15.240985000000002,31.198028,24.105080000000005,49.38908000000001,0.9730630000000033,27.386680000000002,15.962880000000002,14.064929,16.061000000000003,28.36028,51.316337999999995,39.212680000000006,36.592042,9.973028,49.06188,17.471971000000003,3.791338000000003,20.513880000000004
kimtaeyoun:1,14.978390000000005,43.54963299999999,18.872514000000002,15.443856000000004,-1.1788129999999981,10.556977000000003,21.504026000000003,-4.026905999999997,14.588332999999999,0.3400430000000014,12.533530999999996,23.701695,-5.718219999999995,29.622514000000002,4.6643219999999985,18.343856000000002,20.524490999999998,14.097458000000003,-0.09639800000000065,45.383531,8.058263000000004,45.134378000000005,22.404435,10.070127,12.604999999999997,-1.4029659999999993,15.541102000000002,31.446525,-0.026073000000000235,4.16695,16.313983,1.267429,11.512289000000003,-0.5266949999999966,31.910649999999997,25.275636,29.675055999999998,22.291441,36.670537,15.500212000000005,28.440876000000003,38.317994000000006,15.605509000000005,22.406129999999997,-1.076482999999996,29.701045,-4.3667370000000005,33.077881,22.55048,34.10161,0.05211900000000469,-4.287922999999999,11.451045,35.821102,-0.14724499999999807,0.0,0.0,-3.9347449999999995,-5.437922999999998,32.880989,-6.213135000000001,11.127034000000002,-6.171185999999999,21.410805000000003,8.215733999999998,15.260382,2.3660169999999994,24.155282,0.10974600000000123,-1.153388999999997,33.836356,19.950763000000002,0.03771199999999908,30.186920999999998,0.15932200000000307,8.679575999999997,-0.05572000000000088,25.563757000000003,10.108474999999999,19.378445999999997,15.575212,7.062712000000005,18.948785,34.300198,23.795975,10.346243000000001,0.2783900000000017,17.028178000000004,19.301045000000002,-5.602329999999995,15.067428999999997,10.181567999999999,9.397034000000005,16.194266,16.40048,0.36525500000000477,15.546610999999999,14.616017,17.089180999999996,17.961215000000003,22.583249000000002,14.459111,-4.054660999999996,1.0061299999999989,-0.43834700000000026,12.536355999999998,26.712626999999998,15.475424000000004,0.334534000000005,12.604435000000002,36.952458,39.023362,-3.5008470000000003,-0.7741520000000008,31.495959999999997,24.285226,14.120550999999999,15.652966,26.612627000000003,5.238897999999999,-3.6985169999999954,31.598503,-1.444702999999997,22.272796999999997,17.433263000000004,25.704434999999997,-4.2135589999999965,6.350847999999999,26.156412000000003,-1.0019059999999982,14.516298999999997,0.21398299999999892,9.198517000000002,28.433531000000002,17.156144000000005,25.390876,-5.567372999999996,14.755564999999997,-4.081143999999995,44.609237,11.638136000000003,25.116738000000005,17.862627000000003,41.393136000000005,18.649789,15.005296999999999,27.599915000000003,45.313757,3.8872890000000027,14.861229000000002,17.297938000000002,29.532684000000003,-4.220762000000001,18.038898000000003,8.137486000000003,7.783899000000005,7.551327999999998,23.879294,26.061229000000004,28.577599,16.431780000000003,0.30360200000000503,32.040028,6.633051000000002,-0.6440669999999997,13.436355999999996
kimtaeyoun:2,13.354667,35.382334,13.379073000000002,11.370167000000002,-0.9998330000000024,7.567623999999999,18.990333,-3.2853330000000014,10.589053000000003,-0.1281670000000048,7.374159000000002,20.091667,-5.026833000000003,23.958289000000004,1.4912740000000007,15.241332999999997,15.486577999999998,10.129999999999995,0.23766700000000185,36.85486999999999,7.179667000000002,36.936612999999994,17.423571,7.545000000000002,9.050231999999998,-1.179000000000002,12.401333000000001,25.368289,-0.9328949999999985,3.1686669999999992,13.798167,-0.823046999999999,9.452666999999998,-0.47350000000000136,25.791523,22.227167,22.864251,17.20645,28.86003,11.521,22.444764000000003,30.850191,13.674166999999997,17.216286999999998,-0.827333000000003,23.839540000000003,-3.6038330000000016,26.478254000000003,17.103862000000003,27.634360000000004,-0.17233300000000185,-3.8111670000000046,8.271453000000005,29.553085,-0.030500000000003524,0.0,0.0,-3.354333000000004,-4.360500000000002,26.621128000000002,-5.170332999999999,8.003271999999999,-5.075833000000003,18.040999999999997,3.9871149999999993,12.574166999999996,-0.21852699999999814,19.376492000000002,-0.16483300000000156,-0.7636669999999981,27.667385,15.232684000000003,-0.13266699999999787,24.051508000000002,0.00783299999999798,5.695276000000003,-0.25933299999999804,20.441252000000002,7.405833000000001,14.267467,13.226166999999997,4.634667,13.36057,27.467830000000003,20.956167,7.456136000000004,-0.17183299999999946,14.971167000000001,13.609545,-4.979832999999999,10.859576,7.299833,6.2443329999999975,11.453556000000003,12.16488,0.058166999999997415,11.987667000000002,9.513284000000002,11.737663999999999,13.604859999999999,17.152345,10.354500000000002,-3.545500000000004,-0.8314780000000006,-0.5676670000000001,9.050701,21.115334999999998,11.631499999999996,-0.10466699999999918,9.132442999999999,29.481648000000003,30.578028,-2.615833000000002,-0.5123329999999982,25.995528000000004,18.944824999999998,10.277000000000001,13.415833,21.625699,3.755472000000001,-2.9624999999999986,25.696664000000002,-1.0993330000000014,17.112060000000003,15.580166999999996,21.269452000000005,-3.6831670000000045,3.959333000000001,20.956768999999998,-0.8226670000000027,10.508950000000002,0.09166700000000105,6.5341669999999965,23.180681000000003,15.404832999999996,20.402372000000003,-4.713667000000001,10.844586000000003,-3.864333000000002,36.353407000000004,10.402667000000001,21.764666999999996,11.778184,33.609762,16.268167,11.103499999999997,22.712945,37.353522999999996,3.747667,10.889499999999998,12.216643000000001,24.144259,-3.7411670000000044,13.313022999999998,5.764370000000003,6.251666999999998,5.067333999999999,17.418419000000004,22.3005,23.513507,14.207833,0.013500000000000512,25.859915000000004,3.9811669999999992,-0.6633330000000015,9.386103000000002
kimtaeyoun:3,13.950186000000002,30.595667,20.399667,15.215904000000002,-1.8633039999999994,11.817833,20.896782,-5.690717999999997,14.736000000000004,-0.5758659999999978,14.580832999999998,27.206249999999997,-6.961818999999998,25.099000000000004,6.940167000000002,22.506868999999995,21.723833,13.116646000000003,-0.7746899999999997,30.845667,6.863242999999997,30.844500000000004,22.943832999999998,9.062190999999999,13.398000000000003,-2.2009899999999973,15.497525000000003,27.146500000000003,0.8248330000000017,4.864232999999999,16.903404000000002,2.5418330000000005,14.197091999999998,-1.3759900000000016,26.809666999999997,25.653898999999996,26.965333,23.373832999999998,28.979833,15.113242999999997,24.260167000000003,30.056666999999997,15.389851999999998,23.0255,-1.911014999999999,25.615333,-5.843688,27.095,23.2035,28.004333000000003,-0.9337870000000024,-5.537746999999996,12.846000000000004,28.828833000000003,-0.8624999999999972,0.0,0.0,-4.813181,-7.220421000000002,27.0535,-7.853650999999999,12.460999999999999,-7.422215000000001,25.295792000000006,10.510333000000003,19.026795,4.253,22.448332999999998,-0.8196159999999963,-2.058230000000002,28.091,19.582500000000003,-0.8749380000000002,25.254832999999998,-0.7405320000000017,10.478333,-0.8003089999999986,24.765166999999998,8.921472999999999,20.507167000000003,15.699505000000002,5.248701000000004,20.187832999999998,28.543,23.623700999999997,11.711500000000001,-0.4472149999999999,17.322772,20.849000000000004,-7.201855999999999,15.140833,9.134962999999999,8.418936000000002,17.584333,16.057000000000002,-0.6020419999999973,16.373390999999998,16.677166999999997,18.738167000000004,17.551499999999997,23.225,13.448205999999999,-5.455879000000003,1.3851669999999991,-1.1504329999999996,13.255499999999998,25.4825,14.905321999999998,-0.2285269999999997,13.261000000000003,29.094833,29.759166999999998,-5.128774999999997,-1.4977719999999977,26.196333000000003,24.417,12.943626000000002,15.320421000000003,25.347500000000004,8.174333000000004,-4.375804000000002,27.005667000000003,-2.1350869999999986,23.066333,17.466832000000004,23.262332999999998,-5.292327,4.191461000000004,24.664333,-1.5866949999999989,14.608667000000004,-0.7546409999999995,7.922711,26.520333,17.03651,24.487667000000002,-6.446843999999999,15.236667000000004,-5.804146000000003,30.948833,10.165098999999998,27.57531,19.198500000000003,30.774333,17.562253,13.947958,26.109333,30.683833,2.844616000000002,14.701114000000004,19.061500000000002,25.43,-5.665469999999999,18.850500000000004,10.436332999999998,9.604641,9.683667,23.354167000000004,27.295173000000005,26.180166999999997,16.302847,-0.47673300000000296,26.887,4.7301980000000015,-1.2556930000000008,12.917833000000002
namyoung:1,17.569257999999998,14.838332999999999,6.601165999999999,16.763785000000006,-1.1530819999999977,3.6114999999999995,24.920353999999996,-4.318843999999999,5.103665999999997,0.7124570000000006,4.067165999999993,26.973529000000006,-6.239309999999996,10.688333,1.6879999999999953,20.301612999999996,7.246165999999995,14.346163000000004,0.5139950000000013,16.161499999999997,9.273566000000002,15.618665999999997,7.916665999999999,11.046890000000005,4.427499999999995,-1.4986859999999993,17.813826999999996,10.372499999999995,0.34549999999999415,4.197762000000004,18.638945999999997,0.7669999999999959,12.415272000000002,-0.23815400000000153,11.764832999999996,29.422824999999996,9.799,8.016832999999998,13.219165999999994,16.833548,10.260999999999996,12.848665999999994,17.36799,7.847165999999994,-1.1594970000000018,10.920832999999995,-4.511693000000001,11.917499999999997,7.895999999999994,12.582999999999998,0.6679530000000042,-4.595888000000002,4.3735,13.302332999999997,0.334778,0.0,0.0,-4.930667,-6.176764999999996,11.955832999999998,-6.966200999999998,4.412832999999999,-6.855542999999997,24.126909000000005,2.7226659999999967,16.442637999999995,1.078165999999996,8.976166,0.37767800000000307,-1.105370999999998,12.587665999999999,7.073332999999998,0.2421629999999979,10.968999999999994,0.7341070000000016,2.8671659999999974,0.09702500000000214,9.131499999999996,11.107030000000002,6.954332999999998,17.165118999999997,7.339468000000004,6.505332999999993,11.328832999999996,27.724475000000005,3.5453329999999994,0.5753380000000021,19.954405,6.776499999999999,-5.688829999999996,5.6286659999999955,10.993966999999998,9.901827000000004,6.015332999999998,5.821332999999996,0.6378830000000022,17.349948000000005,5.346332999999994,6.061665999999995,6.566499999999998,7.940666,14.835300000000004,-3.3421729999999954,0.4834999999999994,-0.25900299999999987,4.3705,9.193165999999998,17.155094999999996,0.8118880000000033,4.381165999999993,13.419999999999995,14.241166,-3.045884000000001,-0.5260239999999996,11.651999999999994,8.527499999999996,14.450806,17.511924999999998,9.110833,1.9871659999999949,-4.152456999999998,11.743665999999997,-1.5175289999999961,7.761165999999996,20.264326000000004,9.414165999999994,-3.9147040000000004,6.3928670000000025,9.505999999999993,-1.0019300000000015,5.153832999999999,0.5973889999999997,10.203729000000003,10.029165999999996,19.995300000000007,8.701832999999993,-6.827477999999999,5.5319999999999965,-4.0802890000000005,15.298665999999997,13.483757000000004,28.758880999999995,6.091165999999994,13.979,21.667989999999996,16.014443000000007,9.630332999999993,15.878,4.828429,15.755840999999997,6.1386659999999935,10.775999999999996,-4.258302999999998,6.400165999999999,2.949832999999998,8.007421999999998,2.8125,7.721165999999997,30.134480000000003,9.652499999999996,18.949669000000007,0.9510110000000012,11.785165999999997,6.354778000000003,-0.5031699999999972,4.601832999999999
namyoung:2,12.776832999999996,41.473067,23.717111,14.347499999999997,-1.4191670000000016,12.216933000000001,19.0685,-5.929000000000002,16.403889,-0.9703340000000011,16.236888999999998,23.986666,-7.314167000000005,31.311289,8.399022,18.670333,24.836288999999997,11.853499999999997,-2.2623340000000027,43.654845,5.563165999999995,43.681289,26.709511,8.239333000000002,14.348156000000001,-1.8518340000000038,14.337333000000001,32.833956,0.5747780000000002,4.3146659999999954,17.058333000000005,3.9164820000000002,11.989833000000004,-2.105667000000004,34.925067,24.358000000000004,33.264622,26.693956,38.339511,14.095165999999992,31.385067,38.331956,15.706333,26.664621999999998,-2.465167000000001,33.061289,-5.791667000000004,35.016622,26.9604,37.059956,-1.7796670000000034,-4.750667,14.185489,38.927289,-1.8530000000000015,0.0,0.0,-4.5489999999999995,-7.565667000000005,34.755511,-8.109834,14.038622,-7.083666999999998,21.719666000000004,11.754245000000001,15.160499999999999,5.31826,27.658845,-1.7120000000000033,-2.6708339999999993,36.745733,23.287045,-1.4395000000000024,32.987956,-1.4331670000000045,9.840889,-0.6116670000000042,29.751956,8.114165999999997,23.312445,15.597999999999999,5.263165999999998,23.464667,36.069067,22.123333000000002,12.622845,-0.599499999999999,18.662333000000004,23.343066999999998,-6.579334000000003,18.008556,8.596165999999997,7.469166000000001,20.282933,18.632911,-1.0323339999999988,15.342332999999996,19.548821999999998,21.5522,21.108845,27.014622,11.923500000000004,-4.829500000000003,2.1677619999999997,-1.200333999999998,14.435511,30.011511,14.076166,-0.5576670000000021,14.621133,38.621289,40.249733,-5.589167000000003,-2.313167,34.5124,28.731289,11.646165999999994,14.841666000000004,29.791066999999998,7.223489,-4.226334000000001,34.784178,-2.814,26.917067,18.959165999999996,28.356621999999998,-5.208666999999998,4.070999999999998,30.798178,-1.8033339999999995,16.400067,-1.6110000000000042,6.922333000000002,32.077289,18.262,29.801288999999997,-6.359500000000004,18.0094,-4.586834000000003,42.7704,8.952332999999996,25.310500000000005,21.401778,40.307511,16.260333000000003,12.893165999999994,31.701732999999997,44.303289,1.519999999999996,13.769499999999994,21.980466999999997,31.885956,-5.246834,21.156822,10.652022,8.146833,9.795933,27.976844999999997,25.474333,32.107733,16.455166000000006,-1.4713339999999988,34.910845,4.397999999999996,-1.471499999999999,14.603778
namyoung:3,17.551947,21.323666000000003,6.066833000000003,13.980978,-1.1171119999999988,2.8368330000000057,24.405195999999997,-5.613482000000001,5.239666,0.09398600000000101,3.502666000000005,23.937509999999996,-8.332494,12.919333000000002,0.9316659999999999,17.560173999999996,6.692500000000003,11.701630000000002,-0.6828319999999977,23.6995,8.874820999999997,22.750166,7.931333000000002,8.517325,4.061166,-1.8151510000000002,16.077339000000002,12.307000000000002,-0.042499999999996874,3.2777929999999955,15.905820999999996,0.2083330000000032,10.337961,-1.2599610000000006,15.233166000000004,27.680495999999998,10.906833000000006,7.800000000000004,17.756500000000003,14.147011,12.849166000000004,17.303666,14.449411999999995,7.635166000000005,-2.1930900000000015,13.888333000000003,-6.509963000000003,15.391333000000003,7.768500000000003,16.555166,-0.2465570000000028,-5.312078,3.4171660000000017,17.545333,-0.5796220000000005,0.0,0.0,-4.766611000000001,-7.738014,15.408500000000004,-8.824138000000001,3.255500000000005,-7.476997000000001,20.838215999999996,1.926166000000002,13.931117999999998,0.4073330000000013,10.177500000000002,-0.8314140000000023,-1.9881650000000022,16.463,7.704000000000001,-0.6603950000000012,13.869500000000002,-0.45272800000000046,2.182000000000002,0.010470999999995456,9.911333000000006,8.518571999999999,6.513000000000005,14.344456999999998,4.772843000000002,6.2485,14.122333000000005,26.297381,3.0206660000000056,0.3607370000000003,16.649482,6.513833000000005,-7.339882000000003,5.249333,8.333092999999998,7.203764999999997,5.209666000000006,6.329166000000001,-0.39863000000000426,14.91984,4.598166000000006,5.458333000000003,6.722000000000001,7.7080000000000055,12.161338999999998,-5.1894230000000015,0.04466599999999943,-0.5766300000000015,4.084666000000006,9.883666000000005,14.716909999999999,0.48688200000000137,4.092666000000001,18.144666,19.475833,-4.106714,-1.4835829999999994,15.340000000000003,8.762333000000005,11.840489999999996,15.019311000000002,9.863,0.669000000000004,-3.4420810000000017,15.328500000000005,-2.557316,7.661666000000004,16.732,10.754833000000005,-5.863779000000001,3.724288999999999,10.877000000000002,-1.469372,5.257000000000005,-0.8890030000000024,7.625330999999996,11.963333000000006,16.789837999999996,9.054666000000005,-6.708406,5.130500000000005,-5.077238000000001,22.141666,13.115409,26.417544,5.426166000000002,19.782500000000006,21.388171,13.439748000000002,10.731333,23.229,3.8329829999999987,13.169756,5.154666000000006,13.142666000000006,-6.125793000000002,6.213000000000001,1.8091660000000047,6.724610999999996,1.650666000000001,8.018833,27.907607999999996,10.800833000000004,16.56821,-0.12190700000000021,15.2945,3.775644,-0.7596160000000012,4.717666000000001
wonbin:1,20.386325,35.3275,16.122832999999996,22.246325,-1.1461129999999997,9.101832999999996,28.560047999999995,-2.711036,12.898999999999997,1.9903469999999999,9.952667000000002,32.383948000000004,-5.089402999999997,26.306167,3.9023329999999987,24.302791,17.619832999999996,20.045344,1.1574460000000002,38.270832999999996,11.180213000000002,37.273832999999996,19.093499999999995,16.246190999999996,11.407499999999995,-1.5377209999999977,23.202016999999998,25.9355,-0.038000000000000256,5.0897799999999975,24.492833000000005,1.2959999999999994,15.239305000000002,0.9099749999999958,28.353832999999998,34.972759999999994,24.608999999999998,19.032499999999995,32.28099999999999,22.476982999999997,24.3415,31.083000000000002,23.268702000000005,19.184,-0.26371799999999723,26.381666999999997,-2.828160000000004,29.276667,19.336499999999997,30.3145,2.0921689999999984,-3.3164900000000017,10.468667,31.818167,1.1986279999999994,0.0,0.0,-3.0746869999999973,-5.156466000000002,29.146333000000002,-5.870542999999998,10.397499999999997,-5.972554000000002,28.623711,6.895,19.717397999999996,2.0336669999999977,21.654499999999995,1.223942000000001,-0.4327910000000017,30.353999999999996,17.093332999999998,0.9815719999999999,26.284499999999998,2.3441740000000024,6.9538329999999995,0.3024429999999967,22.081500000000002,15.780718999999998,16.339000000000002,22.971925,12.671084,15.8905,28.021832999999997,32.137422,8.588832999999997,1.4462880000000027,25.860913999999994,16.422,-5.158355,13.280332999999995,15.713845,14.000627000000001,14.117999999999999,14.566999999999997,1.693947999999999,23.024064000000003,12.4025,14.412666999999995,15.8385,19.449,20.587324000000002,-2.762796999999999,0.4338329999999999,0.3747949999999989,11.023166999999997,22.742499999999996,22.528177999999997,2.097457999999996,10.9115,32.573333000000005,34.62433299999999,-2.0419199999999975,0.5187439999999981,28.596667,21.181333,20.126196999999998,23.140620999999996,22.631666999999997,4.559999999999999,-3.1024560000000037,28.316332999999997,-0.9556919999999991,18.893333000000002,26.385514999999998,23.301833,-2.7603420000000014,9.734302,22.861833,-0.6014869999999988,13.230166999999998,1.814472000000002,14.303071000000003,24.353332999999996,26.13861,21.623833,-5.442475000000002,13.189832999999997,-3.1428829999999977,36.443667000000005,15.913333000000002,34.58663,14.039332999999996,33.593166999999994,24.929213000000004,21.396045,23.691,38.20899999999999,6.223047000000001,21.236983000000002,14.667999999999996,26.403499999999998,-2.820793000000002,15.138499999999997,7.354167,10.147067999999997,6.900499999999997,19.742167,35.562157,24.109833,24.589366,2.6755209999999963,28.4725,10.041846,0.07254100000000108,11.770166999999997
wonbin:2,20.278711,40.687909000000005,17.548111,22.357422999999997,-1.873669999999997,8.348615000000002,30.478710999999997,-6.307003000000002,13.163980000000002,0.6801120000000012,12.360956999999999,33.85014,-8.384034,28.973300000000002,5.608816000000001,25.554060999999997,19.200756,20.783192999999997,-2.011204999999997,42.850629999999995,9.391316000000003,42.610327,21.691184,16.893276999999998,10.961461,-2.438375999999998,22.874229,30.383879,-0.12493699999999919,5.973109000000001,24.236974999999994,1.7010070000000006,16.277031,-1.7739499999999992,31.544836000000004,37.185433999999994,28.662217,21.208060000000003,36.4534,23.267507000000002,26.83728,35.895466,23.571988999999995,21.484383,-2.540056,28.756171000000002,-6.255462000000001,32.677078,21.508564,34.426952,-1.0518209999999968,-5.171709,9.541561999999999,35.759446000000004,-1.8361349999999987,0.0,0.0,-4.6072830000000025,-8.935293999999999,32.385894,-9.318767999999999,9.028210999999999,-7.838375999999997,29.820727999999995,8.618388000000003,21.096358000000002,2.8848870000000026,24.502015,-0.0677870000000027,-3.1997199999999992,33.967758,18.608060000000002,-0.0633059999999972,29.183879000000005,-0.14958000000000027,6.412091,-0.13669500000000312,25.131486000000002,16.072549000000002,18.246599000000003,23.140616,13.435853999999999,17.290931999999998,32.471285,34.002801,8.438035,0.5473390000000009,26.367506999999996,18.101007000000003,-7.860224000000002,12.980353000000001,16.202241,13.768067000000002,15.050378000000002,15.446851000000002,0.6266099999999994,21.751260000000002,13.226952000000004,15.589421000000002,16.244584000000003,21.626196,21.754621999999998,-4.7372549999999976,0.659950000000002,-0.6327730000000003,10.926196000000004,26.016624999999998,23.062185,0.8750700000000009,11.163224,36.742065000000004,39.289671999999996,-6.005602000000003,-2.0282920000000004,31.290176000000002,23.782116000000002,20.967227,23.531652,26.056675,2.7886650000000017,-4.143417999999997,31.185894000000005,-3.514006000000002,21.516373,26.887395000000005,25.387154000000002,-5.579552,9.668067,26.055667,-1.587955000000001,13.481611999999998,0.08403299999999803,14.157142999999998,28.090932000000002,26.580391999999996,24.852393,-7.013446000000002,13.022922000000001,-5.295799000000002,41.67733,14.983472999999996,37.142017,16.539547,38.598992,25.621568000000003,21.576189999999997,27.411839,43.134761,3.6252100000000027,21.065545999999998,15.853652000000004,29.502519,-5.977030999999997,16.912846000000002,6.107305,11.043416999999998,5.4055409999999995,22.987405000000003,37.870028,28.22267,24.896358,-0.18795500000000231,31.748111,9.356862999999997,-0.9619050000000016,11.150378000000003
wonbin:3,11.790999999999997,17.462167,6.686667,12.646,-1.3547500000000028,2.9138340000000014,17.493249999999996,-3.4512500000000017,4.758500000000005,-0.14475000000000193,4.334167000000001,19.8975,-5.406000000000002,10.795500000000004,1.646334000000003,15.145499999999998,7.185667000000002,10.863749999999996,-1.5332500000000024,16.968834000000008,5.239750000000001,17.553000000000004,7.822500000000005,8.210499999999996,3.783834000000006,-1.7702500000000008,12.868499999999997,11.698833999999998,-0.08899999999999864,3.339500000000001,14.009499999999996,0.47033400000000114,9.501999999999995,-1.390500000000003,12.057334000000004,21.0625,11.435834000000007,7.3558340000000015,13.892834,12.5445,10.312834000000002,15.268834000000005,12.816499999999998,8.066667000000002,-1.8832500000000003,11.175834000000002,-3.8232500000000016,12.408667000000001,8.098167000000004,12.992834000000009,-0.8740000000000023,-3.1865000000000023,3.2773340000000033,13.7695,-1.1002500000000026,0.0,0.0,-2.671750000000003,-5.025000000000002,12.443334,-5.6590000000000025,2.991334000000002,-4.8580000000000005,17.734,2.8668340000000043,12.30225,0.8685000000000045,8.953834,-0.6345000000000027,-1.9592500000000008,12.920167,6.518000000000001,-0.43900000000000006,11.121167000000007,-0.6610000000000014,2.3391670000000033,-0.23925000000000196,9.106000000000002,7.9084999999999965,6.587334000000006,12.98975,5.511249999999997,6.542500000000004,13.483834000000009,19.530499999999996,3.0373340000000013,-0.07700000000000173,14.484749999999998,6.889000000000003,-4.908000000000001,4.573167000000005,8.211999999999996,7.381,5.568000000000005,5.621834,-0.20950000000000202,13.34525,4.991167000000004,5.981999999999999,5.9283339999999995,8.063167,11.208999999999996,-3.56775,0.04250000000000398,-0.7800000000000011,3.8343340000000055,9.747,12.3095,0.019999999999999574,3.854834000000004,14.020666999999996,15.209667000000003,-3.120000000000001,-1.559750000000001,11.992167000000002,8.885667000000005,10.710999999999999,12.631499999999996,9.715667000000003,1.0003340000000023,-1.926750000000002,12.015334000000003,-2.3182500000000026,8.179334000000004,14.646250000000002,9.294667000000004,-3.9345,4.0405000000000015,9.3885,-1.3537500000000016,4.657500000000006,-0.6202500000000022,7.059249999999999,10.275834000000003,14.34675,9.2085,-4.114250000000002,4.687000000000005,-3.389000000000003,17.66533400000001,8.571750000000002,21.16975,6.488834000000004,16.636834,14.956499999999998,11.491,10.229334000000001,17.433833999999997,1.8605000000000018,12.0105,5.792667000000002,10.993333999999997,-3.97025,5.838667000000001,2.1051670000000016,6.3215,1.5946670000000012,8.822500000000005,21.578249999999997,10.353334000000004,13.624749999999999,-0.6472500000000032,12.119000000000007,4.533000000000001,-0.9472500000000004,3.9080000000000013
